category,question,ground_truth,source_law_key,source_law_name,source_article_id,source_article_number,source_legal_nature
الدستور,ما الطبيعة القانونية لحق العمل في الدستور المصري؟,حق أساسي/حرية: العمل حق وواجب تكفله الدولة. يُمنع العمل الجبري إلا بقانون ولخدمة عامة وبمقابل عادل.,egyptian_constitution,الدستور المصري,EG-CONST-ART-012,12,حق أساسي/حرية
الدستور,ما الطبيعة القانونية لحرية الفكر والرأي والتعبير في الدستور المصري؟,حق أساسي/حرية: حرية الفكر والرأي والتعبير مكفولة بكافة الوسائل.,egyptian_constitution,الدستور المصري,EG-CONST-ART-065,65,حق أساسي/حرية
الدستور,ما الطبيعة القانونية لحق تنظيم الاجتماعات العامة والمواكب والتظاهرات في الدستور المصري؟,حق أساسي/حرية: حق التظاهر والاجتماع السلمي مكفول بالإخطار. الاجتماعات الخاصة لا تتطلب إخطاراً ولا يجوز مراقبتها.,egyptian_constitution,الدستور المصري,EG-CONST-ART-073,73,حق أساسي/حرية
الدستور,ما مضمون المادة الخاصة بحظر العمل الجبري في الدستور المصري؟,العمل حق، وواجب، وشرف تكفله الدولة. ولا يجوز إلزام أى مواطن بالعمل جبراً، إلا بمقتضى قانون، ولأداء خدمة عامة، لمدة محددة، وبمقابل عادل، ودون إخلال بالحقوق الأساسية للمكلفين بالعمل.,egyptian_constitution,الدستور المصري,EG-CONST-ART-012,12,حق أساسي/حرية
الدستور,هل يكفل الدستور حرية تكوين الجمعيات والمؤسسات الأهلية؟ وما شروط ذلك بإيجاز؟,تكوين الجمعيات الأهلية حق بالإخطار. تعمل بحرية ولا تُحل إلا بحكم قضائي. تحظر الجمعيات السرية أو العسكرية.,egyptian_constitution,الدستور المصري,EG-CONST-ART-075,75,حق أساسي/حرية
الدستور,ما الطبيعة القانونية لمبدأ سيادة القانون في الدستور المصري؟,مبدأ دستوري: سيادة القانون هي أساس الحكم، والدولة تخضع للقانون. استقلال القضاء وحصانته ضمانات أساسية للحقوق.,egyptian_constitution,الدستور المصري,EG-CONST-ART-094,94,مبدأ دستوري
الدستور,ما حدود تحريك الدعاوى لوقف أو مصادرة الأعمال الفنية والأدبية وفق الدستور؟,حرية الإبداع مكفولة. لا يجوز الحبس في جرائم النشر الفني (إلا في حالات محددة كالتحريض على العنف). الدعاوى ضد الأعمال الفنية تكون عبر النيابة العامة.,egyptian_constitution,الدستور المصري,EG-CONST-ART-067,67,حق أساسي/حرية
الدستور,هل يجوز الحبس في الجرائم المرتكبة بسبب علانية المنتج الفني أو الأدبي وفق الدستور؟,حرية الإبداع مكفولة. لا يجوز الحبس في جرائم النشر الفني (إلا في حالات محددة كالتحريض على العنف). الدعاوى ضد الأعمال الفنية تكون عبر النيابة العامة.,egyptian_constitution,الدستور المصري,EG-CONST-ART-067,67,حق أساسي/حرية
الدستور,ما مضمون المادة المتعلقة بالحق في التقاضي وعدم سقوط الدعوى بالتقادم في الاعتداء على الحقوق والحريات؟,كل اعتداء على الحرية الشخصية أو حرمة الحياة الخاصة للمواطنين، وغيرها من الحقوق والحريات العامة التى يكفلها الدستور والقانون، جريمة لا تسقط الدعوى الجنائية ولا المدنية الناشئة عنها بالتقادم، وللمضرور إقامة الدعوى الجنائية بالطريق المباشر. وتكفل الدولة تعويضا عادلا لمن وقع عليه الاعتداء، وللمجلس القومى لحقوق الإنسان إبلاغ النيابة العامة عن أى انتهاك لهذه الحقوق، وله أن يتدخل فى الدعوى المدنية منضماً إلى المضرور بناء على طلبه، وذلك كله على الوجه المبين بالقانون.,egyptian_constitution,الدستور المصري,EG-CONST-ART-099,99,غير محدد / يحتاج مراجعة بشرية
الدستور,ما الفرق بين حق الاجتماع الخاص وحق التظاهر وفق الدستور؟,حق التظاهر والاجتماع السلمي مكفول بالإخطار. الاجتماعات الخاصة لا تتطلب إخطاراً ولا يجوز مراقبتها.,egyptian_constitution,الدستور المصري,EG-CONST-ART-073,73,حق أساسي/حرية
الدستور,اذكر بإيجاز مضمون المادة التي تقرر أن الوظائف العامة حق للمواطنين على أساس الكفاءة.,الوظائف العامة حق للمواطنين على أساس الكفاءة، ودون محاباة أو وساطة، وتكليف للقائمين بها لخدمة الشعب، وتكفل الدولة حقوقهم وحمايتهم، وقيامهم بأداء واجباتهم فى رعاية مصالح الشعب، ولا يجوز فصلهم بغير الطريق التأديبى، إلا فى الأحوال التى يحددها القانون.,egyptian_constitution,الدستور المصري,EG-CONST-ART-014,14,حق أساسي/حرية
الدستور,ما التزام الدولة تجاه حقوق العمال وعلاقات العمل وفق الدستور؟,تحافظ الدولة على حقوق العمال وتضمن علاقات عمل متوازنة والتفاوض الجماعي، وتحميهم من المخاطر والفصل التعسفي.,egyptian_constitution,الدستور المصري,EG-CONST-ART-013,13,حق أساسي/حرية
الدستور,هل يقر الدستور حق الإخطار لتكوين الجمعيات أم يتطلب ترخيصاً؟,تكوين الجمعيات الأهلية حق بالإخطار. تعمل بحرية ولا تُحل إلا بحكم قضائي. تحظر الجمعيات السرية أو العسكرية.,egyptian_constitution,الدستور المصري,EG-CONST-ART-075,75,حق أساسي/حرية
الدستور,ما القاعدة الدستورية بشأن تدخل الجهة الإدارية في شؤون الجمعيات الأهلية؟,تكوين الجمعيات الأهلية حق بالإخطار. تعمل بحرية ولا تُحل إلا بحكم قضائي. تحظر الجمعيات السرية أو العسكرية.,egyptian_constitution,الدستور المصري,EG-CONST-ART-075,75,حق أساسي/حرية
الدستور,ما مضمون المادة الخاصة بحرية الإبداع الفني والأدبي؟,حرية الإبداع الفنى والأدبى مكفولة، وتلتزم الدولة بالنهوض بالفنون والآداب، ورعاية المبدعين وحماية إبداعاتهم، وتوفير وسائل التشجيع اللازمة لذلك. ولا يجوز رفع أو تحريك الدعاوى لوقف أو مصادرة الأعمال الفنية والأدبية والفكرية أو ضد مبدعيها إلا عن طريق النيابة العامة، ولا توقع عقوبة سالبة للحرية فى الجرائم التى ترتكب بسبب علانية المنتج الفنى أو الأدبى أو الفكرى، أما الجرائم المتعلقة بالتحريض على العنف أو التمييز بين المواطنين أو الطعن فى أعراض الأفراد، فيحدد القانون عقوباتها. وللمحكمة فى هذه الأحوال إلزام المحكوم عليه بتعويض جزائى للمضرور من الجريمة، إضافة إلى التعويضات الأصلية المستحقة له عما لحقه من أضرار منها، وذلك كله وفقاً للقانون.,egyptian_constitution,الدستور المصري,EG-CONST-ART-067,67,حق أساسي/حرية
الدستور,في أي حالات يجيز الدستور تنظيم/تقييد بعض الحقوق بمقتضى القانون؟ اذكر الفكرة العامة فقط.,الحقوق والحريات اللصيقة بالمواطن لا تقبل التعطيل أو الانتقاص، ولا يجوز للقانون تقييد جوهرها.,egyptian_constitution,الدستور المصري,EG-CONST-ART-092,92,إحالة للتنظيم التشريعي
الدستور,ما الطبيعة القانونية لحرمة الحياة الخاصة في الدستور (وفق المادة المتعلقة بالاعتداء عليها)؟,غير محدد / يحتاج مراجعة بشرية: الاعتداء على الحريات جريمة لا تسقط بالتقادم، وللمتضرر حق التعويض وإقامة الدعوى المباشرة. للمجلس القومي لحقوق الإنسان حق التدخل والإبلاغ.,egyptian_constitution,الدستور المصري,EG-CONST-ART-099,99,غير محدد / يحتاج مراجعة بشرية
الدستور,ما مضمون المادة التي تنص على أن العمل حق وواجب وشرف؟,العمل حق، وواجب، وشرف تكفله الدولة. ولا يجوز إلزام أى مواطن بالعمل جبراً، إلا بمقتضى قانون، ولأداء خدمة عامة، لمدة محددة، وبمقابل عادل، ودون إخلال بالحقوق الأساسية للمكلفين بالعمل.,egyptian_constitution,الدستور المصري,EG-CONST-ART-012,12,حق أساسي/حرية
الدستور,هل الدستور يحظر التمييز/التحريض في سياق جرائم النشر الفني؟ اذكر القيد العام.,حرية الإبداع مكفولة. لا يجوز الحبس في جرائم النشر الفني (إلا في حالات محددة كالتحريض على العنف). الدعاوى ضد الأعمال الفنية تكون عبر النيابة العامة.,egyptian_constitution,الدستور المصري,EG-CONST-ART-067,67,حق أساسي/حرية
الدستور,ما علاقة مبدأ المواطنة بالنظام الجمهوري الديمقراطي وفق المادة الأولى؟,جمهورية مصر العربية دولة ذات سيادة، موحدة لا تقبل التجزئة، نظامها جمهوري ديمقراطي يقوم على المواطنة وسيادة القانون. الشعب المصري جزء من الأمة العربية والعالم الإسلامي والقارة الأفريقية.,egyptian_constitution,الدستور المصري,EG-CONST-ART-001,1,مبدأ دستوري
قانون العمل,ما حكم التحرش أو التنمر أو العنف ضد العامل في مكان العمل وفق قانون العمل؟,حظر السخرة والعمل الجبري والتحرش والتنمر والعنف بكافة أشكاله (اللفظي والجسدي والنفسي) ضد العمال، مع تحديد جزاءات تأديبية في لوائح المنشأة.,Egyptian_Labour_Law,قانون العمل,EG-LABOR-LAW-14-2025-ART-004,4,قاعدة قانونية
قانون العمل,ما حكم تشغيل العامل سخرة أو جبراً وفق قانون العمل؟,حظر السخرة والعمل الجبري والتحرش والتنمر والعنف بكافة أشكاله (اللفظي والجسدي والنفسي) ضد العمال، مع تحديد جزاءات تأديبية في لوائح المنشأة.,Egyptian_Labour_Law,قانون العمل,EG-LABOR-LAW-14-2025-ART-004,4,قاعدة قانونية
قانون العمل,ما أثر أي شرط أو اتفاق ينتقص من حقوق العامل وفق قانون العمل؟,بطلان أي شرط ينتقص من حقوق العامل، مع استمرار الشروط الأفضل حتى في حالة تغيير ملكية المنشأة.,Egyptian_Labour_Law,قانون العمل,EG-LABOR-LAW-14-2025-ART-006,6,قاعدة قانونية
قانون العمل,ما القاعدة التي تقرر استمرار المزايا أو الشروط الأفضل للعامل حتى مع انتقال ملكية المنشأة؟,بطلان أي شرط ينتقص من حقوق العامل، مع استمرار الشروط الأفضل حتى في حالة تغيير ملكية المنشأة.,Egyptian_Labour_Law,قانون العمل,EG-LABOR-LAW-14-2025-ART-006,6,قاعدة قانونية
قانون العمل,كيف ينظم قانون العمل حق الإضراب بشكل عام؟,الإضراب يوقف التزامات عقد العمل طوال مدة الإضراب.,Egyptian_Labour_Law,قانون العمل,EG-LABOR-LAW-14-2025-ART-235,235,قاعدة قانونية
قانون العمل,ما شرط استنفاد التسوية الودية قبل إعلان الإضراب وفق قانون العمل؟,حق الإضراب مكفول بعد استنفاد التسوية الودية، ويُنظم عبر المنظمة النقابية أو المفوض العمالي وفق ضوابط القانون.,Egyptian_Labour_Law,قانون العمل,EG-LABOR-LAW-14-2025-ART-231,231,قاعدة قانونية
قانون العمل,من الجهة التي تعلن وتنظم الإضراب وفق قانون العمل؟,الإضراب يوقف التزامات عقد العمل طوال مدة الإضراب.,Egyptian_Labour_Law,قانون العمل,EG-LABOR-LAW-14-2025-ART-235,235,قاعدة قانونية
قانون العمل,متى يُحظر الإضراب في المنشآت الحيوية وفق قانون العمل؟,يُحظر الإضراب في المنشآت الحيوية والخدمات الأساسية أو الظروف الاستثنائية، ورئيس الوزراء يحددها بقرار.,Egyptian_Labour_Law,قانون العمل,EG-LABOR-LAW-14-2025-ART-234,234,قاعدة قانونية
قانون العمل,من يصدر قرار تحديد المنشآت الحيوية والخدمات الأساسية المحظور الإضراب فيها؟,يُحظر الإضراب في المنشآت الحيوية والخدمات الأساسية أو الظروف الاستثنائية، ورئيس الوزراء يحددها بقرار.,Egyptian_Labour_Law,قانون العمل,EG-LABOR-LAW-14-2025-ART-234,234,قاعدة قانونية
قانون العمل,اذكر بإيجاز تعريف العمل المؤقت في قانون العمل.,تعريف أنماط العمل الجديدة وذكر صورها الرئيسية مثل العمل عن بُعد، الجزئي، المرن، وتقاسم العمل.,Egyptian_Labour_Law,قانون العمل,EG-LABOR-LAW-14-2025-ART-096,96,قاعدة قانونية
قانون العمل,اذكر بإيجاز تعريف العمل العرضي في قانون العمل.,تعريف أنماط العمل الجديدة وذكر صورها الرئيسية مثل العمل عن بُعد، الجزئي، المرن، وتقاسم العمل.,Egyptian_Labour_Law,قانون العمل,EG-LABOR-LAW-14-2025-ART-096,96,قاعدة قانونية
قانون العمل,اذكر بإيجاز تعريف العمل الموسمي في قانون العمل.,تعريف أنماط العمل الجديدة وذكر صورها الرئيسية مثل العمل عن بُعد، الجزئي، المرن، وتقاسم العمل.,Egyptian_Labour_Law,قانون العمل,EG-LABOR-LAW-14-2025-ART-096,96,قاعدة قانونية
قانون العمل,اذكر بإيجاز مفهوم الأجر التأميني كما ورد في تعريفات قانون العمل.,علاوة سنوية لا تقل عن 3% من الأجر التأميني مع إمكانية التخفيض بموافقة المجلس القومي للأجور.,Egyptian_Labour_Law,قانون العمل,EG-LABOR-LAW-14-2025-ART-012,12,قاعدة قانونية
قانون العمل,ما المقصود بـ(موقع العمل) وفق تعريفات قانون العمل؟,تعريف أنماط العمل الجديدة وذكر صورها الرئيسية مثل العمل عن بُعد، الجزئي، المرن، وتقاسم العمل.,Egyptian_Labour_Law,قانون العمل,EG-LABOR-LAW-14-2025-ART-096,96,قاعدة قانونية
قانون العمل,ما المقصود بـ(المنشأة) وفق تعريفات قانون العمل؟,تعريف المنشأة: أي مشروع/مرفق يملكه أو يديره أشخاص القانون العام أو الخاص.,Egyptian_Labour_Law,قانون العمل,EG-LABOR-LAW-14-2025-ART-243,243,قاعدة قانونية
قانون العمل,ما المقصود بـ(المهنة أو الحرفة) وفق تعريفات قانون العمل؟,ينظم شكل ومحتوى اتفاق التدرج ومتطلبات المكافأة.,Egyptian_Labour_Law,قانون العمل,EG-LABOR-LAW-14-2025-ART-029,29,قاعدة قانونية تنظيمية
قانون العمل,ما المقصود بـ(الوزارة المختصة) و(الجهة الإدارية المختصة) وفق قانون العمل؟,تحديد اختصاصات الجهة الإدارية المختصة بقرار من الوزير.,Egyptian_Labour_Law,قانون العمل,EG-LABOR-LAW-14-2025-ART-013,13,قاعدة قانونية
قانون العمل,هل يجيز قانون العمل إبراء العامل من حقوقه أثناء سريان العقد؟,يلتزم صاحب العمل بتمكين العامل من الاطلاع على درجته الوظيفية وعناصر أجره، وإعطائه شهادة خبرة وكفاءة مجاناً عند الطلب أثناء سريان العقد أو بعد انتهائه.,Egyptian_Labour_Law,قانون العمل,EG-LABOR-LAW-14-2025-ART-175,175,قاعدة قانونية
قانون العمل,كيف يتعامل قانون العمل مع الشروط الأفضل المقررة بالعقد أو اللائحة أو العرف؟,بطلان أي شرط ينتقص من حقوق العامل، مع استمرار الشروط الأفضل حتى في حالة تغيير ملكية المنشأة.,Egyptian_Labour_Law,قانون العمل,EG-LABOR-LAW-14-2025-ART-006,6,قاعدة قانونية
قانون العمل,ما القاعدة العامة بشأن حظر العنف اللفظي/الجسدي/النفسي على العامل؟,حظر السخرة والعمل الجبري والتحرش والتنمر والعنف بكافة أشكاله (اللفظي والجسدي والنفسي) ضد العمال، مع تحديد جزاءات تأديبية في لوائح المنشأة.,Egyptian_Labour_Law,قانون العمل,EG-LABOR-LAW-14-2025-ART-004,4,قاعدة قانونية
الإجراءات الجنائية,ما الخطوات العامة لتحرير محضر في قسم الشرطة في مصر؟,يحدد القانون مأموري الضبط القضائي وهم: أعضاء النيابة، ضباط الشرطة وأمناؤها، العمد، نظار المحطات، وغيرهم. ويجوز بقرار وزاري منح صفة الضبط القضائي لموظفين آخرين.,criminal_law,قانون الإجراءات الجنائية,EG-CRIM-PROC-ART-023,23,تحديد اختصاص
الإجراءات الجنائية,ما الخطوات العامة لتقديم بلاغ للنيابة العامة؟,سلطة النيابة العامة في الإفراج عن المتهم في أي وقت.,criminal_law,قانون الإجراءات الجنائية,EG-CRIM-PROC-ART-204,204,سلطة النيابة العامة
الإجراءات الجنائية,ما الفرق العام بين محضر إثبات حالة ومحضر جنحة؟,سلطة قاضي التحقيق في الانتقال لإثبات حالة مسرح الجريمة والأدلة المادية.,criminal_law,قانون الإجراءات الجنائية,EG-CRIM-PROC-ART-090,90,سلطة قاضي التحقيق
الإجراءات الجنائية,ما الإجراءات العامة للتظلم من الحبس الاحتياطي؟,حق النيابة العامة في طلب الحبس الاحتياطي في أي وقت.,criminal_law,قانون الإجراءات الجنائية,EG-CRIM-PROC-ART-137,137,سلطة النيابة العامة
الإجراءات الجنائية,ما المقصود بالتلبس وما أثره الإجرائي بشكل عام؟,لمأمور الضبط القضائي في التلبس منع الحاضرين من المغادرة حتى تحرير المحضر واستدعاء من يفيد في التحقيق.,criminal_law,قانون الإجراءات الجنائية,EG-CRIM-PROC-ART-032,32,سلطة الضبط القضائي
الإجراءات الجنائية,متى يجوز القبض بدون إذن في القواعد العامة للإجراءات الجنائية؟,في جرائم الشكوى المتلبس بها لا يجوز القبض إلا إذا قدمت الشكوى ممن يملكها، ويجوز تقديمها لرجل السلطة العامة الحاضر.,criminal_law,قانون الإجراءات الجنائية,EG-CRIM-PROC-ART-039,39,قيد على القبض
الإجراءات الجنائية,ما هي الحقوق الإجرائية الأساسية للمتهم أثناء التحقيق؟,للمتضرر من الجريمة الادعاء بحقوق مدنية أثناء التحقيق، ويفصل قاضي التحقيق نهائياً في قبوله.,criminal_law,قانون الإجراءات الجنائية,EG-CRIM-PROC-ART-076,76,حق قانوني
الإجراءات الجنائية,ما هي القواعد العامة لسماع الشهود في التحقيقات؟,جواز الطعن في الأحكام الصادرة على الشهود وفقاً للقواعد المقررة.,criminal_law,قانون الإجراءات الجنائية,EG-CRIM-PROC-ART-120,120,حق قانوني
الإجراءات الجنائية,كيف يتم طلب ندب خبير في التحقيقات وفق الإجراءات العامة؟,لوزير العدل طلب ندب مستشار من محكمة الاستئناف للتحقيق في جرائم معينة بقرار من الجمعية العامة.,criminal_law,قانون الإجراءات الجنائية,EG-CRIM-PROC-ART-065,65,قاعدة إجرائية
الإجراءات الجنائية,ما الفرق بين الاستدعاء والضبط والإحضار بشكل عام؟,سلطة قاضي التحقيق في إصدار أمر الحضور أو الضبط والإحضار.,criminal_law,قانون الإجراءات الجنائية,EG-CRIM-PROC-ART-126,126,سلطة قاضي التحقيق
الإجراءات الجنائية,ما الإجراءات العامة لعمل توكيل لمحامٍ للحضور أمام النيابة؟,تطبيق أحكام الشهود أمام قاضي التحقيق على التحقيق أمام النيابة العامة.,criminal_law,قانون الإجراءات الجنائية,EG-CRIM-PROC-ART-208,208,إحالة قانونية
الإجراءات الجنائية,ما الخطوات العامة للإبلاغ عن جريمة إلكترونية رسمياً؟,لكل شخص علم بوقوع جريمة عامة (لا تتطلب شكوى) أن يبلغ النيابة أو الضبط القضائي عنها.,criminal_law,قانون الإجراءات الجنائية,EG-CRIM-PROC-ART-025,25,حق قانوني
الإجراءات الجنائية,ما الإجراءات العامة لطلب صلح/تصالح في جنحة (إن أمكن)؟,وجوب حضور المتهم أو نائبه عند التفتيش إن أمكن، وكذلك صاحب المنزل.,criminal_law,قانون الإجراءات الجنائية,EG-CRIM-PROC-ART-092,92,ضمانة إجرائية
الإجراءات الجنائية,ما القواعد العامة لإعلان الخصوم في الدعاوى الجنائية؟,حق الخصوم في الاطلاع على أوراق الدعوى بعد إعلانهم.,criminal_law,قانون الإجراءات الجنائية,EG-CRIM-PROC-ART-236,236,ضمانة إجرائية
الإجراءات الجنائية,ما المقصود بأمر الحفظ وأثره بشكل عام؟,يجب على النيابة إعلان أمر الحفظ للمجني عليه والمدعي بالحقوق المدنية أو ورثتهما.,criminal_law,قانون الإجراءات الجنائية,EG-CRIM-PROC-ART-062,62,واجب إجرائي
الإجراءات الجنائية,ما الفرق بين قرار الإحالة وأمر ألا وجه لإقامة الدعوى بشكل عام؟,صدور الأمر بلا وجه لإقامة الدعوى من النيابة العامة والإفراج عن المتهم.,criminal_law,قانون الإجراءات الجنائية,EG-CRIM-PROC-ART-209,209,سلطة النيابة العامة
الإجراءات الجنائية,ما الخطوات العامة للتظلم من قرار حفظ محضر؟,للنيابة العامة حفظ الأوراق إذا رأت عدم وجود محل للسير في الدعوى.,criminal_law,قانون الإجراءات الجنائية,EG-CRIM-PROC-ART-061,61,سلطة النيابة العامة
الإجراءات الجنائية,كيف يتم إثبات الإصابات في محضر (الإجراءات العامة)؟,صدور الحكم علناً وإجراءات ضمان حضور المتهم.,criminal_law,قانون الإجراءات الجنائية,EG-CRIM-PROC-ART-303,303,قاعدة إجرائية
الإجراءات الجنائية,ما إجراءات طلب استخراج شهادة تحركات/تحريات في قضية (بشكل عام)؟,حق الخصوم في المعارضة في سماع شهادة الشهود غير المعلنين.,criminal_law,قانون الإجراءات الجنائية,EG-CRIM-PROC-ART-379,379,ضمانة إجرائية
الإجراءات الجنائية,ما الإجراءات العامة للتعامل مع بلاغ سرقة (من وقت البلاغ حتى التحقيق)؟,للنيابة العامة الاطلاع على أوراق التحقيق في أي وقت دون تأخير سير التحقيق.,criminal_law,قانون الإجراءات الجنائية,EG-CRIM-PROC-ART-080,80,سلطة النيابة العامة
جرائم تقنية المعلومات,ما حكم اختراق بريد إلكتروني أو حساب خاص وفق قانون مكافحة جرائم تقنية المعلومات؟,تجرم المادة إخفاء أو العبث بالأدلة الرقمية من قبل مدير موقع أو حساب أو بريد إلكتروني بقصد إعاقة عمل الجهات الرسمية.,tech_crimes,قانون مكافحة جرائم تقنية المعلومات,EG-TECH-ART-028,28,تجريم وعقوبة
جرائم تقنية المعلومات,ما العقوبة العامة لاختراق حساب خاص لشخص طبيعي وفق قانون جرائم تقنية المعلومات؟,تلتزم السلطات المصرية بتيسير التعاون الدولي وتبادل المعلومات وفق الاتفاقيات أو المعاملة بالمثل لمنع جرائم تقنية المعلومات والمساعدة في التحقيق وتتبع الجناة، ويكون مركز الاستعداد لطوارئ الحاسب والشبكات بالجهاز نقطة الاتصال الفنية.,tech_crimes,قانون مكافحة جرائم تقنية المعلومات,EG-TECH-ART-004,4,تعاون دولي
جرائم تقنية المعلومات,كيف تختلف العقوبة إذا كان الحساب يخص شخصاً اعتبارياً خاصاً وفق قانون جرائم تقنية المعلومات؟,تلتزم السلطات المصرية بتيسير التعاون الدولي وتبادل المعلومات وفق الاتفاقيات أو المعاملة بالمثل لمنع جرائم تقنية المعلومات والمساعدة في التحقيق وتتبع الجناة، ويكون مركز الاستعداد لطوارئ الحاسب والشبكات بالجهاز نقطة الاتصال الفنية.,tech_crimes,قانون مكافحة جرائم تقنية المعلومات,EG-TECH-ART-004,4,تعاون دولي
جرائم تقنية المعلومات,ما حكم نشر صور أو معلومات تنتهك خصوصية شخص دون رضاه عبر الإنترنت؟,تجرم المادة الاعتداء على القيم الأسرية أو الخصوصية عبر الرسائل الكثيفة دون موافقة، أو تسليم بيانات للترويج دون موافقة، أو نشر محتوى ينتهك الخصوصية سواء كان صحيحًا أو غير صحيح.,tech_crimes,قانون مكافحة جرائم تقنية المعلومات,EG-TECH-ART-025,25,تجريم وعقوبة
جرائم تقنية المعلومات,ما حكم إرسال رسائل إلكترونية بكثافة لشخص دون موافقته؟,تجرم المادة الاعتداء على القيم الأسرية أو الخصوصية عبر الرسائل الكثيفة دون موافقة، أو تسليم بيانات للترويج دون موافقة، أو نشر محتوى ينتهك الخصوصية سواء كان صحيحًا أو غير صحيح.,tech_crimes,قانون مكافحة جرائم تقنية المعلومات,EG-TECH-ART-025,25,تجريم وعقوبة
جرائم تقنية المعلومات,ما حكم منح بيانات شخصية لموقع للترويج دون موافقة صاحبها؟,تجرم المادة الاعتداء على القيم الأسرية أو الخصوصية عبر الرسائل الكثيفة دون موافقة، أو تسليم بيانات للترويج دون موافقة، أو نشر محتوى ينتهك الخصوصية سواء كان صحيحًا أو غير صحيح.,tech_crimes,قانون مكافحة جرائم تقنية المعلومات,EG-TECH-ART-025,25,تجريم وعقوبة
جرائم تقنية المعلومات,هل تُعاقب جريمة انتهاك الخصوصية حتى لو كانت المعلومات المنشورة صحيحة؟,تجرم المادة الاعتداء على القيم الأسرية أو الخصوصية عبر الرسائل الكثيفة دون موافقة، أو تسليم بيانات للترويج دون موافقة، أو نشر محتوى ينتهك الخصوصية سواء كان صحيحًا أو غير صحيح.,tech_crimes,قانون مكافحة جرائم تقنية المعلومات,EG-TECH-ART-025,25,تجريم وعقوبة
جرائم تقنية المعلومات,ما نطاق الأفعال التي تجرمها المادة المتعلقة بحرمة الحياة الخاصة في قانون جرائم تقنية المعلومات؟,تلتزم السلطات المصرية بتيسير التعاون الدولي وتبادل المعلومات وفق الاتفاقيات أو المعاملة بالمثل لمنع جرائم تقنية المعلومات والمساعدة في التحقيق وتتبع الجناة، ويكون مركز الاستعداد لطوارئ الحاسب والشبكات بالجهاز نقطة الاتصال الفنية.,tech_crimes,قانون مكافحة جرائم تقنية المعلومات,EG-TECH-ART-004,4,تعاون دولي
جرائم تقنية المعلومات,هل يعتبر نشر محتوى ينتهك الحياة الخاصة عبر الشبكة المعلوماتية جريمة؟,تجرم المادة الاعتداء على القيم الأسرية أو الخصوصية عبر الرسائل الكثيفة دون موافقة، أو تسليم بيانات للترويج دون موافقة، أو نشر محتوى ينتهك الخصوصية سواء كان صحيحًا أو غير صحيح.,tech_crimes,قانون مكافحة جرائم تقنية المعلومات,EG-TECH-ART-025,25,تجريم وعقوبة
جرائم تقنية المعلومات,ما الفرق بين اختراق الحساب وإتلاف/تعطيل البريد الإلكتروني وفق قانون جرائم تقنية المعلومات؟,تجرم المادة الاعتداء على البريد الإلكتروني أو المواقع أو الحسابات الخاصة بالإتلاف أو التعطيل أو الاختراق، وتشدد العقوبة إذا تعلق الأمر بشخص اعتباري خاص.,tech_crimes,قانون مكافحة جرائم تقنية المعلومات,EG-TECH-ART-018,18,تجريم وعقوبة
جرائم تقنية المعلومات,في حالة تعرض شخص لابتزاز إلكتروني، ما الخطوات القانونية العامة للإبلاغ وجمع الأدلة الرقمية؟,تمنح المادة للأدلة الرقمية المستخرجة من الأنظمة والأجهزة والوسائط الإلكترونية حجية الأدلة المادية في الإثبات الجنائي متى توافرت الشروط الفنية المحددة باللائحة التنفيذية.,tech_crimes,قانون مكافحة جرائم تقنية المعلومات,EG-TECH-ART-011,11,قاعدة إثبات
جرائم تقنية المعلومات,ما الدليل الرقمي الذي يُفضّل حفظه قبل الإبلاغ عن اختراق حساب؟,عند تعدد المستأجرين يفضل من سبق لوضع اليد أو سجل عقده بحسن نية، وإلا فطلب التعويض.,civil_law,القانون المدني المصري,EG-CIVIL-ART-0573,573,حكم تقريري
جرائم تقنية المعلومات,ما حكم انتحال شخصية على الإنترنت والإجراءات العامة للتبليغ؟,العقوبة شخصية ولا تفرض إلا بقانون وحكم قضائي، ولا تسري القوانين العقابية بأثر رجعي.,egyptian_constitution,الدستور المصري,EG-CONST-ART-095,95,غير محدد / يحتاج مراجعة بشرية
جرائم تقنية المعلومات,إذا تم نشر بياناتك الشخصية بدون إذن، ما الإجراءات العامة لطلب إزالتها والتبليغ؟,لا يغير المستأجر العين بدون إذن إلا إذا لم يضر، وإلا ألزم بإعادة الحال والتعويض.,civil_law,القانون المدني المصري,EG-CIVIL-ART-0580,580,التزام / جزاء
جرائم تقنية المعلومات,ما النص الذي يجرم الاعتداء على القيم الأسرية/حرمة الحياة الخاصة عبر الإنترنت (وما فكرته العامة)؟,يعاقب بالحبس مدة لا تقل عن ستة أشهر وبغرامة لا تقل عن خمسين ألف جنيه ولا تجاوز مائة ألف جنيه، أو بإحدى هاتين العقوبتين، كل من اعتدى على أى من المبادئ أو القيم الأسرية فى المجتمع المصرى أو انتهك حرمة الحياة الخاصة، أو أرسل بكثافة العديد من الرسائل الإلكترونية لشخص معين دون موافقته، أو منح بيانات شخصية إلى نظام أو موقع إلكترونى للترويج للسلع أو الخدمات دون موافقته، أو نشر عن طريق الشبكة المعلوماتية أو إحدى وسائل تقنية المعلومات معلومات أو أخبارًا أو صورًا وما فى حكمها تنتهك خصوصية أى شخص دون رضاه سواء كانت المعلومات المنشورة صحيحة أو غير صحيحة.,tech_crimes,قانون مكافحة جرائم تقنية المعلومات,EG-TECH-ART-025,25,تجريم وعقوبة
الأحوال الشخصية,ما الشروط العامة لاستحقاق الزوجة النفقة وفق قانون الأحوال الشخصية؟,تجب النفقة للزوجة من تاريخ العقد الصحيح وتشمل الغذاء والكسوة والمسكن والعلاج. لا تجب النفقة إذا ارتدت أو امتنعت عن تسليم نفسها أو خرجت بدون إذن. نفقة الزوجة دين على الزوج ولها امتياز على أمواله.,personal_status,قانون الأحوال الشخصية,EG-PSL-1920-ART-001,1,حكم تنظيمي
الأحوال الشخصية,متى تسقط نفقة الزوجة؟ (بصياغة عامة),تجب النفقة للزوجة من تاريخ العقد الصحيح وتشمل الغذاء والكسوة والمسكن والعلاج. لا تجب النفقة إذا ارتدت أو امتنعت عن تسليم نفسها أو خرجت بدون إذن. نفقة الزوجة دين على الزوج ولها امتياز على أمواله.,personal_status,قانون الأحوال الشخصية,EG-PSL-1920-ART-001,1,حكم تنظيمي
الأحوال الشخصية,ما القواعد العامة لحضانة الصغير وترتيبها في قانون الأحوال الشخصية؟,تنفذ أحكام تسليم الصغير أو ضمه أو رؤيته أو سكناه وفقاً للمادتين 67 و69 من القانون 1/2000 بالإجراءات المبينة في هذا القرار.,personal_status,قانون الأحوال الشخصية,EG-PSL-2000-MD1087-ART-001,1,حكم إجرائي
الأحوال الشخصية,ما الحالات العامة التي تتيح للزوجة طلب الطلاق للضرر؟,كنايات الطلاق لا يقع بها الطلاق إلا إذا نوى الزوج الطلاق.,personal_status,قانون الأحوال الشخصية,EG-PSL-1929-ART-004,4,حكم تنظيمي
الأحوال الشخصية,ما الفرق العام بين الطلاق والخلع من حيث الإجراءات والآثار؟,كنايات الطلاق لا يقع بها الطلاق إلا إذا نوى الزوج الطلاق.,personal_status,قانون الأحوال الشخصية,EG-PSL-1929-ART-004,4,حكم تنظيمي
الأحوال الشخصية,ما القواعد العامة لإثبات الزواج أو الطلاق عند النزاع؟,كنايات الطلاق لا يقع بها الطلاق إلا إذا نوى الزوج الطلاق.,personal_status,قانون الأحوال الشخصية,EG-PSL-1929-ART-004,4,حكم تنظيمي
الأحوال الشخصية,ما المبدأ العام في رؤية الصغير وتنظيمها؟,تنفذ أحكام تسليم الصغير أو ضمه أو رؤيته أو سكناه وفقاً للمادتين 67 و69 من القانون 1/2000 بالإجراءات المبينة في هذا القرار.,personal_status,قانون الأحوال الشخصية,EG-PSL-2000-MD1087-ART-001,1,حكم إجرائي
الأحوال الشخصية,ما هي المستندات العامة المطلوبة لرفع دعوى نفقة؟,لا تسمع دعوى نفقة العدة لأكثر من سنة من تاريخ الطلاق، ولا دعوى الإرث للمطلقة بعد سنة من الطلاق.,personal_status,قانون الأحوال الشخصية,EG-PSL-1929-ART-017,17,حكم تنظيمي
الأحوال الشخصية,ما القواعد العامة لإثبات دخل الزوج في دعوى نفقة؟,تجب النفقة للزوجة من تاريخ العقد الصحيح وتشمل الغذاء والكسوة والمسكن والعلاج. لا تجب النفقة إذا ارتدت أو امتنعت عن تسليم نفسها أو خرجت بدون إذن. نفقة الزوجة دين على الزوج ولها امتياز على أمواله.,personal_status,قانون الأحوال الشخصية,EG-PSL-1920-ART-001,1,حكم تنظيمي
الأحوال الشخصية,ما هي الآثار العامة لثبوت النسب؟,لا تسمع دعوى النسب إذا ثبت عدم التلاقي بين الزوجين، أو أتت الزوجة بالولد بعد سنة من غيبة الزوج أو طلاقها أو وفاته.,personal_status,قانون الأحوال الشخصية,EG-PSL-1929-ART-015,15,حكم تنظيمي
الأحوال الشخصية,ما الإجراءات العامة لعمل إعلام وراثة؟,لا يلزم اتباع إجراءات الحصر والتحفظ إذا كان المال لا يتجاوز 3000 جنيه.,personal_status,قانون الأحوال الشخصية,EG-PSL-2000-ART-035,35,حكم إجرائي
الأحوال الشخصية,كيف تُقدَّر نفقة الصغير بشكل عام؟,تنفذ أحكام تسليم الصغير أو ضمه أو رؤيته أو سكناه وفقاً للمادتين 67 و69 من القانون 1/2000 بالإجراءات المبينة في هذا القرار.,personal_status,قانون الأحوال الشخصية,EG-PSL-2000-MD1087-ART-001,1,حكم إجرائي
الأحوال الشخصية,ما الفرق بين نفقة الزوجة ونفقة الصغير؟,تجب النفقة للزوجة من تاريخ العقد الصحيح وتشمل الغذاء والكسوة والمسكن والعلاج. لا تجب النفقة إذا ارتدت أو امتنعت عن تسليم نفسها أو خرجت بدون إذن. نفقة الزوجة دين على الزوج ولها امتياز على أمواله.,personal_status,قانون الأحوال الشخصية,EG-PSL-1920-ART-001,1,حكم تنظيمي
الأحوال الشخصية,ما القواعد العامة للمتعة والمؤخر بعد الطلاق؟,كنايات الطلاق لا يقع بها الطلاق إلا إذا نوى الزوج الطلاق.,personal_status,قانون الأحوال الشخصية,EG-PSL-1929-ART-004,4,حكم تنظيمي
الأحوال الشخصية,متى تُمنع الحاضنة من الحضانة بشكل عام؟,يجوز للنيابة العامة إصدار قرار مسبب بتسليم الصغير مؤقتاً لمن تتحقق مصلحته معها عند وجود نزاع على الحضانة.,personal_status,قانون الأحوال الشخصية,EG-PSL-2000-ART-070,70,حكم إجرائي
القانون المدني,ما المقصود بالالتزام في القانون المدني؟,في الالتزام ببذل عناية يوفي المدين بالتزامه ببذل عناية الشخص العادي، ويبقى مسؤولاً عن الغش والخطأ الجسيم.,civil_law,القانون المدني المصري,EG-CIVIL-ART-0211,211,التزام / حكم تقريري
القانون المدني,ما الفرق بين البطلان المطلق والبطلان النسبي في القانون المدني؟,العقد الباطل يجوز لكل ذي مصلحة التمسك ببطلانه وللمحكمة القضاء به تلقائياً، ولا يزول بالإجازة. وتسقط دعوى البطلان بـ15 سنة.,civil_law,القانون المدني المصري,EG-CIVIL-ART-0141,141,تعريف / حكم تقريري
القانون المدني,متى يكون العقد قابلاً للإبطال؟,إذا بطل شق من العقد بطل وحده، إلا إذا تبين أن العقد ما كان ليتم بدونه فيبطل كله (انتقاص العقد).,civil_law,القانون المدني المصري,EG-CIVIL-ART-0143,143,تعريف / حكم تقريري
القانون المدني,ما هي أركان العقد في القانون المدني بإيجاز؟,إذا بطل العقد وتوافرت فيه أركان عقد آخر، يصح باعتباره ذلك العقد إذا كانت نية المتعاقدين تنصرف إليه (تحول العقد).,civil_law,القانون المدني المصري,EG-CIVIL-ART-0144,144,تعريف / حكم تقريري
القانون المدني,ما المقصود بالمسؤولية التقصيرية؟,كل خطأ سبب ضرراً للغير يُلزم مرتكبه بالتعويض (القاعدة العامة في المسؤولية التقصيرية).,civil_law,القانون المدني المصري,EG-CIVIL-ART-0163,163,التزام
القانون المدني,ما شروط استحقاق التعويض عن الفعل الضار؟,الالتزامات غير التعاقدية تخضع لقانون بلد وقوع الفعل المنشئ. لكن الأفعال الضارة في الخارج المشروعة في مصر لا تُعد غير مشروعة.,civil_law,القانون المدني المصري,EG-CIVIL-ART-0021,21,تعريف / حكم تقريري
القانون المدني,ما الفرق بين الفسخ والبطلان في العقود؟,في العقود الملزمة للجانبين، عند عدم الوفاء يجوز للدائن بعد الإعذار طلب التنفيذ أو الفسخ مع التعويض. ويجوز للقاضي منح أجل أو رفض الفسخ إذا كان الإخلال قليل الأهمية.,civil_law,القانون المدني المصري,EG-CIVIL-ART-0157,157,حق / رخصة
القانون المدني,ما المقصود بالإثراء بلا سبب وما أثره؟,تسقط دعوى الإثراء بلا سبب بـ3 سنوات من العلم أو 15 سنة من نشوء الحق.,civil_law,القانون المدني المصري,EG-CIVIL-ART-0180,180,إجراءات / تنظيم
القانون المدني,ما المقصود بالعيب في الرضا (غلط/تدليس/إكراه) بشكل عام؟,إذا أخطر المشتري البائع بالعيب في الوقت الملائم كان له الرجوع بالضمان وفق أحكام المادة 444.,civil_law,القانون المدني المصري,EG-CIVIL-ART-0450,450,حق / إحالة تشريعية
القانون المدني,ما القاعدة العامة في تنفيذ العقد بحسن نية؟,للمستحق طلب تنفيذ العقد أو فسخه مع التعويض إذا كان بعوض ولم يقم المدين بالتزامه.,civil_law,القانون المدني المصري,EG-CIVIL-ART-0746,746,جزاء
